<?xml version="1.0" encoding="UTF-8" standalone="yes"?>
<addon id="script.wizard.ctv" version="1.0.10" name="CosmiTV Config Wizard" provider-name="anon">
	<requires>
		<import addon="xbmc.python" version="2.1.0"/>
	</requires>
	<extension point="xbmc.python.pluginsource" library="default.py">
		<provides>executable</provides>
	</extension>
	<extension point="xbmc.addon.metadata">
		<summary>CosmiTV Configuration Wizard</summary>
		<description>Instantly configure your TV Box experience with all the best add-ons and goodies!  </description>
		<website></website>
		<platform>all</platform>
	</extension>
</addon>
